id,Name,price
1,Sleek Granite Bench,$48.99
2,Ergonomic Copper Lamp,$86.99
3,Aerodynamic Cotton Coat,$54.99
4,Enormous Linen Lamp,$95.99
5,Practical Cotton Pants,$77.99
6,Enormous Bronze Gloves,$50.99
7,Ergonomic Leather Lamp,$95.99
8,Aerodynamic Plastic Bottle,$44.99
9,Practical Concrete Lamp,$29.99
10,Rustic Linen Bottle,$22.99
11,Enormous Bronze Shirt,$28.99
12,Enormous Copper Clock,$57.99
13,Small Marble Keyboard,$4.99
14,Incredible Copper Lamp,$89.99
15,Lightweight Bronze Wallet,$94.99
16,Lightweight Leather Chair,$98.99
17,Synergistic Granite Hat,$45.99
18,Aerodynamic Wool Watch,$19.99
19,Synergistic Concrete Watch,$71.99
20,Awesome Wool Bench,$41.99
21,Rustic Granite Table,$46.99
22,Fantastic Wool Coat,$27.99
23,Enormous Cotton Gloves,$8.99
24,Aerodynamic Bronze Gloves,$61.99
25,Incredible Paper Computer,$51.99
26,Aerodynamic Linen Lamp,$16.99
27,Heavy Duty Silk Bottle,$9.99
28,Incredible Bronze Clock,$77.99
29,Heavy Duty Linen Knife,$63.99
30,test,$61.99
